{

    "font1": "Times New Roman",
    "font2": "Times New Roman",

    "startup01":  "!ﺮﻳﺬﺤﺗ\n.ﺐﻋﺮﻟﺍ ﺕﺍﺰﻔﻗ ﻦﻣ ﺪﻳﺪﻌﻟﺍ ﻭ ﺔﻴﻟﺎﻋ ﺀﺎﺿﻮﺿ،ﺔﻌﻃﺎﺳ ﺀﺍﻮﺿﺍ ﻰﻠﻋ ﻱﻮﺘﺤﺗ ﺔﺒﻌﻠﻟﺍ ﻩﺬﻫ",

    "Title01":  "ﻲﻓ ﺔﻠﻴﻟ\nﻢﻌﻄﻤﻟﺍ\n",
    "Title02":  "ﺐﻌﻟ",
    "Title03":  "ﺐﻌﺼﻟﺍ ﻊﺿﻮﻟﺍ",
    "Title04":  "Ruthoranium ﻊﻨﺻ ﻦﻣ ﻢﻴﺠﻧﺎﻓ\n CoolioArt و UFMP ﻊﻨﺻ ﻦﻣ ﺕﺎﻤﺴﺠﻤﻟﺍ\nKidduTheMan ﻊﻨﺻ ﻦﻣ ﺮﻴﺑﺪﻳﺮﻓ:ﻱﺪﻳﺮﻓ ﻲﻓ ﻲﻟﺎﻴﻟ ﺲﻤﺧ ﻰﻠﻋ ﺔﻴﻨﺒﻣ ﺔﺒﻌﻠﻟﺍ",
    "Title05":  "ﺔﻠﻣﺎﻛ ﺔﺷﺎﺷ",
    "Title06": ".ﺕﺎﻧﺎﻴﺒﻟﺍ ﻊﻴﻤﺟ ﻑﺬﺤﻟ dlt ﻂﻐﺿﺍ",
    "Title07": "OUTDATED",
    "Title08": "ﺕﺍﺩﺍﺪﻋﻷﺍ",
    "Title09": "ﺕﺍﺭﺎﻃﻷﺍ ﺩﺪﻋ",
    "Title10": "ﺕﺍﺭﺎﻃﻷﺍ ﺩﺪﻋ ﺕﺎﺒﺛ",   
    "Title11": " ﻑﺍﻮﺤﻟﺍ ﻢﻴﻌﻨﺗ",
    "Title12": "ﺔﻣﺪﻘﻤﻟﺍ ﻲﻄﺨﺗ",
    "Title13": "ﺔﻐﻠﻟﺍ",
    "Title14": "ﺓﺩﻮﻋ",
    "Title15": "ﻞﻴﻌﻔﺗ",
    "Title16": "ﻞﻌﻔﻣ",
    "Title17": "ﻖﻠﻐﻣ",
    
    "Intro_0": "<  Enter ﻂﻐﺿﺍ >",
    "Intro_1": "ﻡﺎﻋ 44 ﺮﻤﻌﻟ ﺕﺪﻤﺷ ﻚﻳﺎﻣ ﻞﺻﻭ 2017 ﺔﻨﺳ ﻲﻓ.",
    "Intro_2": ".ﺮﻴﺑﺫﺎﻓ ﺔﻛﺮﺷ ﻢﻋﺎﻄﻣ ﻦﻣ ﺪﻳﺪﻌﻠﻟ ﻲﻠﻴﻟ ﺱﺭﺎﺤﻛ ﻲﺿﺎﻤﻟﺍ ﺏﺭﺎﺠﺗ ﻦﻣ ﻲﻧﺎﻌﻳ ﻝﺍﺫﺎﻣ ﻚﻳﺎﻣ",
    "Intro_3": ".ﻦﺴﻟﺍ ﻲﻓ ﻪﻣﺪﻘﺗ ﻊﻣ ﻰﺘﺣ .ﺍﹰﺪﺑﺃ ﻪﻛﺮﺘﻳ ﻢﻟ ﺮﻜﻔﻟﺍ ﻥﺃ ﻻﺇ ، ﻪﻴﻓ ﻩﺩﺮﻃ ﻢﺗ ﻱﺬﻟﺍ ﻡﺎﻌﻟﺍ ﻲﻓ ﺎﻬﻗﻼﻏﺇﻭ ﺮﻴﺑﺫﺎﻓ ﺔﻛﺮﺷ ﺱﻼﻓﺇ ﻦﻣ ﻢﻏﺮﻟﺍ ﻰﻠﻋ,",
    "Intro_4": ".ﺎﹰﻣﺎﻤﺗ ﺲﻤﻠﻳ ﻢﻟﻭ ﺎﹰﻤﺋﺎﻗ ﻪﺳﺮﺤﻳ ﻥﺎﻛ ﻱﺬﻟﺍ ﻊﻗﻮﻤﻟﺍ ﻰﻨﺒﻣ ﻝﺍﺰﻳ ﻻ",
    "Intro_5": ".ﺭﻮﺠﻬﻤﻟﺍ ﺍﺰﺘﻴﺒﻟﺍ ﻢﻌﻄﻣ ﻑﺎﺸﻜﺘﺳﺍ ﺭﺮﻗﻭ ، ﺍﹰﺮﻴﺧﺃ ﻝﻮﻀﻔﻟﺍ ﻪﻨﻜﻤﺗ ، ﺔﻠﻴﻟ ﻲﻓ",
    "Intro_6": " .ﻞﺒﻗ ﻦﻣ ﺎﻫﺍﺮﻳ ﻢﻟ ﺔﻌﻓﺍﺭ ﻆﺣﻻ ﻢﺛ،ﻪﺒﺘﻜﻣ ﻰﻟﺍ ﻡﺪﻘﺗ ﻢﺛ",
    "Intro_7": ".ﺱﺎﺳﻷﺍ ﻦﻣ ﻪﻗﻼﻏﺇ ﻢﺘﻳ ﻢﻟ ﻪﻧﺃ ﻮﻟ ﺎﻤﻛ ، ﺓﺎﻴﺤﻠﻟ ﻪﻠﻤﻛﺄﺑ ﻰﻨﺒﻤﻟﺍ ﺩﻮﻌﻳ ﺓﺄﺠﻓﻭ ، ﺎﻬﺿﺮﻏ ﻲﻓ ﺮﻜﻔﻳ ﻥﺃ ﻰﺘﺣ ﻥﻭﺩ ﺔﻌﻓﺍﺮﻟﺍ ﻚﻳﺎﻣ ﻝﺰﻨﻳ",
    "Intro_8": "...ﺝﺎﺟﺯ ﺮﻴﺴﻜﺗ ﻦﻣ ﺔﻴﻟﺎﻋ ﺀﺎﺿﻮﺿ ﺭﻮﻔﻟﺍ ﻰﻠﻋ ﺎﻬﻴﻠﻳ ﺔﻌﻃﺎﺴﻟﺍ ﺀﺍﻮﺿﻷﺍ ﻥﺈﻓ ، ﻚﻟﺫ ﻊﻣﻭ",

    "night_1": "ﺔﻴﻘﺒﺘﻤﻟﺍ ﺔﻗﺎﻄﻟﺍ: ",

    "gameover0": "ﺔﺒﻌﻠﻟﺍ ﺔﻳﺎﻬﻧ",
    "gameover1": "ﺔﻟﻭﺎﺤﻣ ﺓﺩﺎﻋﺍ",
    "gameover2": "ﻥﺍﻮﻨﻌﻟﺍ ﺔﺷﺎﺷ"
}