{
    "font1": "MS Gothic",
    "font2": "MS Gothic",

    "startup01":  "WARNUNG!\nDieses Spiel enthält blinkende Lichter, laute Geräusche und Jumpscares.",

    "Title01":  "A\nNight\nat\nThe\nRestaurant",
    "Title02":  "Start",
    "Title03":  "Harter Modus",
    "Title04":  "Fangame by Ruthoranium\nModels by CoolioArt and UFMP\nGame based off 'Five Nights at Freddy's : Fredbear' by KidduTheMan",
    "Title05":  "Fullscreen",
    "Title06": "Halten Sie DEL gedrückt, um die Daten zurückzusetzen.",
    "Title07": "OUTDATED",
    "Title08": "Einstellungen",
    "Title09": "Framerate",
    "Title10": "VSYNC",   
    "Title11": "Anti-Aliasing",
    "Title12": "Intro überspringen",
    "Title13": "Sprache",
    "Title14": "Zurück",
    "Title15": "Anwenden",
    "Title16": "An",
    "Title17": "Aus",

    "Intro_0": "< Drück Enter >",
    "Intro_1": "2017: Mike Schmidt wurde 44 Jahre alt.",
    "Intro_2": "Mike hat immer noch mit seiner Erfahrung als Nachtwächter in einem der vielen Restaurants von Fazbear Entertainment zu kämpfen.",
    "Intro_3": "Obwohl Fazbear Entertainment in dem Jahr, in dem er entlassen wurde, in Konkurs ging und den Betrieb einstellte, ging ihm der Gedanke nie aus dem Kopf. Selbst als er älter wurde.",
    "Intro_4": "Das Gebäude des Ortes, den er bewacht hat, steht immer noch, völlig unversehrt.",
    "Intro_5": "Eines Nachts überkommt ihn schließlich die Neugierde und er beschließt, die verlassene Pizzeria zu erkunden.",
    "Intro_6": "Er geht direkt in sein Büro und bemerkt einen Hebel, den er noch nie gesehen hat.",
    "Intro_7": "Mike legt den Hebel um, ohne über seine Bedeutung nachzudenken, und plötzlich erwacht das gesamte Gebäude wieder zum Leben, als wäre es nie abgeschaltet worden.",
    "Intro_8": "Die hellen Lichter werden jedoch sofort von einem lauten Zerspringen von Glas übertönt....",

    "night_1": "Power: ",

    "gameover0": "GAME OVER",
    "gameover1": "Neustart",
    "gameover2": "Titelbildschirm"
}